question_id,reply_id,question_text,reply_text,rlen,pandapcd,xuelw,liulim,group,rating,group2_rating,diff
t3_n65qsr,gx53d71,What is your all time favourite Disney animated film?,ITS THE CIRCLE OF LIFEEEE,25.0,4.0,1.0,4.0,1,5.0,3.0,2.0
t3_n7ibs2,gxcz0l6,What’s the best comeback to an insult you’ve ever heard or said?,*Your mom goes to college.*,27.0,4.0,2.0,4.0,16,1.0,3.3333333333333335,2.3333333333333335
t3_na0thg,gxqvdjj,Why would anyone want to have kids?,"Many people want a traditional sort of family. They want to raise children with a partner. Even if you don't want kids, I think the motivation is easy to understand.",165.0,4.0,5.0,4.0,8,2.0,4.333333333333333,2.333333333333333
t3_nclr4t,gy5r4gk,Young cat got very sick quickly and died earlier this week—found his tiny nose prints on bedroom window and got very upset. What unexpected things should you prepare yourself for when a pet passes suddenly?,"Deciding what to do with all her bedding, cat cave and other bits and pieces. I had to put my elderly cat to sleep a few weeks back-she had been reasonably OK but then had a rapid decline so it was quite a sudden end. She had 3 beds (because she had different favourite sleeping spots depending on the time of day and where the sun was), blankets, litter trays, liners, enormous bags of litter, a water fountain etc. It took me a while to feel up to laundering all her beds, blankets and cushions. I've donated the items in good condition to the local shelter, together with all the unused cat food I had stocked. I had her litter trays set up in the downstairs bathroom, and going into the room now and seeing a clean and empty floor where her litter trays and continence pads used to be still throws me.",805.0,5.0,5.0,4.0,11,2.6666666666666665,4.666666666666667,2.0000000000000004
t3_nf8xzj,gyk6i31,Trying to make a point to someone. Do you wear the same clothes at school and when you are out with your friends or do you change them?,"For a long time i didn't changing my clothes all day long, from morning toilet to evening shower. I changed this at high school, when i started to sweat way more.",162.0,3.0,2.0,3.0,7,5.0,2.6666666666666665,2.3333333333333335
t3_ni3pcb,gz01kx2,What are some of your pet peeves?,I can’t stand people who eat and chew loudly,44.0,3.0,1.0,3.0,23,5.0,2.3333333333333335,2.6666666666666665
t3_ni3vfw,gyzt55r,When was the last time you tried to activate any dormant superpowers you may have?,A spider bit me. I tried to activate the superpowers as soon as I woke up the next morning upside down.,103.0,4.0,4.0,5.0,24,2.0,4.333333333333333,2.333333333333333
t3_nje8yg,gz6ub2u,Which late night Tv show host do you love the most and which one do you hate the most?,Love Graham Norton. Hate Ellen DeGeneres.,41.0,3.0,3.0,3.0,18,5.0,3.0,2.0
t3_njep17,gz776nu,"When you imagine your Dream House, what is it like? Modern? Rustic? In the countryside, or in a City?","A large castle just east of town, on top of a man-made hill that I will have to build before building my castle. Ideally, large enough to block out the morning sun from the city for an hour or two. There would even be a moat around the castle. Not a lava moat or a water moat, but a traditional ditch moat filled with poison ivy and rattlesnakes. Yeah, that's right Chinese Restaurant, try to leave a fucking flyer on my door now. You'll have to get past my moat, the drawbridge is up.",485.0,2.0,2.0,2.0,24,4.666666666666667,2.0,2.666666666666667
t3_noaen1,gzyxqe3,What advice can you give to young adults that are wasting their 20s?,"Make any kind of investment, preferably one you can't touch if control will be an issue. Just leave yourself anything to work with when you either get your shit together or have an emergency.",191.0,3.0,3.0,2.0,7,5.0,2.6666666666666665,2.3333333333333335
